imageFilePath,rMean,gMean,bMean,rStdDev,gStdDev,bStdDev,skyline/individual
data/Comcast Center - Philadelphia/5332.jpg,156.5931781,158.4868657,170.8394391,79.18178736,85.07742457,90.73256786,skyline
data/Wilshire Grand Center/12758.jpg,101.9168821,109.5185546,107.7048624,55.14374735,55.82257916,56.81979118,individual
data/Wilshire Grand Center/12959.jpg,79.85369695,78.02181561,77.10696929,70.20922417,68.26716452,64.36905244,individual
data/Wilshire Grand Center/16439.jpg,49.24504928,55.16153652,60.23406512,61.25497194,55.84986815,50.57661076,individual
data/Wilshire Grand Center/11334.jpg,109.1375648,113.4694044,121.45666,76.53767662,85.37070271,91.89599449,individual
data/Wilshire Grand Center/12269.jpg,80.552564,105.4903117,126.0526554,61.41263183,64.25467049,66.68719862,individual
data/Comcast Center - Philadelphia/5057.jpg,106.098248,104.0128072,102.361362,63.35036962,65.03902837,66.90148679,skyline
data/Wilshire Grand Center/15908.jpg,150.6108689,148.6308501,152.1465695,74.066336,73.94302757,74.85176761,individual
data/Four Seasons Place - Kuala Lumpur/2036.jpg,110.3377037,116.5088565,116.9336027,79.86729329,83.42894923,89.9179635,individual
data/Four Seasons Place - Kuala Lumpur/14.jpg,111.3595761,109.2382036,110.4478461,74.19376024,68.5016891,66.81860282,skyline
data/Four Seasons Place - Kuala Lumpur/61.jpg,123.8234774,143.4120789,130.2003021,59.15580771,60.03986618,60.83106653,skyline
data/Wilshire Grand Center/14756.jpg,111.6500603,124.80096,148.4011899,69.39112371,72.5772391,79.51113356,individual
data/Comcast Center - Philadelphia/4400.jpg,143.1248271,136.3602371,134.215917,60.56005057,69.29521772,71.76356682,individual
data/Comcast Center - Philadelphia/2461.jpg,127.1278083,124.9578334,117.8830497,54.91516791,60.97221567,74.94357024,skyline
data/Wilshire Grand Center/11742.jpg,80.18524167,71.73187708,60.06125573,77.27523884,71.99022543,58.85051159,individual
data/Four Seasons Place - Kuala Lumpur/3042.jpg,130.7049623,133.1437277,134.4606229,83.63985302,84.27512111,88.76215764,individual
data/Salesforce Tower/8763.jpg,121.2070968,111.044556,119.5087216,61.44416158,59.94271407,75.06414015,skyline
data/Comcast Center - Philadelphia/4086.jpg,141.2682432,131.7992236,122.3387184,48.64375739,46.88551853,44.57453328,individual
data/Salesforce Tower/7455.jpg,68.71007956,87.32179606,111.3471265,56.2274543,65.87521682,85.848537,individual
data/Wilshire Grand Center/9901.jpg,167.0783552,169.3797366,168.4042905,68.30029041,68.67157036,71.99272977,skyline
data/Wilshire Grand Center/7338.jpg,120.2987551,114.6257303,105.1552272,48.89857751,48.93774989,48.61039357,individual
data/Wilshire Grand Center/11236.jpg,133.2755636,132.4709439,130.1202613,97.27488291,96.79549009,96.90799123,individual
data/Salesforce Tower/9758.jpg,87.07095685,70.27530488,57.59050246,54.28376675,51.58531575,46.94590893,individual
data/Wilshire Grand Center/12921.jpg,117.8941933,127.1604805,138.5543351,75.42463366,81.64155535,90.40855418,skyline
data/Wilshire Grand Center/735.jpg,118.3960354,134.313765,133.4372605,56.15886456,58.49737764,72.72660824,skyline
data/Wilshire Grand Center/3789.jpg,135.5662914,147.1714939,152.4339591,41.05786014,40.73770493,44.53575012,individual
data/Wilshire Grand Center/2843.jpg,114.1463026,138.9982751,161.2391103,60.27855582,53.21617805,59.75495249,individual
data/China Resources HQ - Shenzhen/143.jpg,131.2752197,136.2936671,162.7954774,51.96891779,52.27566321,58.95630834,skyline
data/Salesforce Tower/2373.jpg,127.8705406,86.96008809,62.45627975,72.02595547,61.78938884,48.92232079,individual
data/Salesforce Tower/7364.jpg,113.5887292,123.7775052,141.2954313,62.4141654,63.58511826,73.08123337,individual
data/China Resources HQ - Shenzhen/122.jpg,146.0373406,153.5048947,162.3475436,73.61746954,69.25577964,64.9781495,individual
data/Wilshire Grand Center/11308.jpg,120.8283488,119.4890425,117.0445726,85.90637824,86.3656131,87.46867497,individual
data/Four Seasons Place - Kuala Lumpur/29.jpg,128.4391556,129.2906151,125.0392253,70.229666,70.52907334,72.27521308,skyline
data/Salesforce Tower/9317.jpg,119.7883921,117.3173857,118.7326494,86.6763758,84.10585457,86.84865408,individual
data/Wilshire Grand Center/17241.jpg,52.81824461,44.21868902,33.05019817,42.51007047,34.36034129,27.9013318,skyline
data/Wilshire Grand Center/13724.jpg,116.4117957,130.1578517,143.2914703,76.06486458,82.07964733,90.08683569,individual
data/Wilshire Grand Center/10310.jpg,139.3776792,129.5465553,116.4751769,56.27057447,55.38526717,59.95475072,individual
data/Wilshire Grand Center/13956.jpg,73.13593926,72.77674132,94.55891006,26.45781269,24.98520436,29.47238045,skyline
data/Wilshire Grand Center/17136.jpg,109.3891123,139.426163,164.4567281,53.49350419,74.33742587,98.06035861,skyline
data/Four Seasons Place - Kuala Lumpur/549.jpg,66.84457786,60.6567247,73.06753723,41.23256446,34.96173495,45.89307188,skyline
data/Wilshire Grand Center/10631.jpg,109.7805686,116.7291112,127.6453052,62.34526883,68.34353615,76.43382378,individual
data/Wilshire Grand Center/17269.jpg,106.1302384,129.5685291,152.651684,74.77134486,63.56424344,73.14585812,skyline
data/Wilshire Grand Center/14755.jpg,60.33904734,90.51546057,120.4975193,76.01655831,55.52806811,56.65579398,individual
data/Wilshire Grand Center/8525.jpg,102.9394086,114.9262657,136.5499306,66.91448704,58.91065934,60.88556236,individual
data/Wilshire Grand Center/15534.jpg,34.11454806,46.75438381,51.15559943,49.03055214,41.25142988,37.17258165,skyline
data/Comcast Center - Philadelphia/2849.jpg,111.1873134,111.0259582,112.7598149,63.84162503,64.75556433,67.3916613,individual
data/Comcast Center - Philadelphia/3095.jpg,86.39024625,98.73623026,128.1597315,44.07664224,45.52824311,62.13903035,skyline
data/Wilshire Grand Center/8834.jpg,94.87751823,96.97249375,101.2899995,77.91879566,74.31951602,71.81100056,individual
data/Wilshire Grand Center/2934.jpg,84.77094881,73.83667787,70.86205749,82.64218102,81.73527577,75.77618924,individual
data/Wilshire Grand Center/456.jpg,81.49221006,80.76365237,81.55292899,70.67597165,70.80897734,70.94711131,individual
data/Wilshire Grand Center/4916.jpg,118.5666271,109.2540313,93.89005208,75.95001231,67.25141541,57.9360674,individual
data/Comcast Center - Philadelphia/4603.jpg,145.8586609,139.2155521,123.9106146,98.18704982,97.28556784,93.96777338,individual
data/Wilshire Grand Center/8684.jpg,125.1815062,133.4567853,144.1094594,76.56400538,76.81802526,77.30608679,individual
data/Four Seasons Place - Kuala Lumpur/113.jpg,48.84061305,40.85254669,42.98875936,39.03476773,28.642686,30.12728689,skyline
data/Salesforce Tower/5345.jpg,114.2574646,108.3686196,105.2518644,70.38810007,69.67065258,69.30630116,skyline
data/Wilshire Grand Center/10528.jpg,88.757476,87.90793679,89.33272143,71.38977907,76.43815621,83.4426432,individual
data/Four Seasons Place - Kuala Lumpur/1284.jpg,110.3377037,116.5088565,116.9336027,79.86729329,83.42894923,89.9179635,individual
data/Comcast Center - Philadelphia/4855.jpg,86.39024625,98.73623026,128.1597315,44.07664224,45.52824311,62.13903035,skyline
data/Wilshire Grand Center/5104.jpg,121.5753801,103.234938,106.1245592,68.43977173,64.09594193,62.09854476,individual
data/Wilshire Grand Center/9723.jpg,94.25732327,99.00379213,105.7755496,69.3656374,67.09092014,64.34662384,skyline
data/China Resources HQ - Shenzhen/505.jpg,92.34079626,97.78704903,122.9650317,47.17653236,44.09954822,40.30590461,skyline
data/Wilshire Grand Center/15896.jpg,109.2021699,102.5561931,87.2538176,52.49991707,53.43120242,55.25624785,skyline
data/Wilshire Grand Center/9544.jpg,139.3576945,164.5906303,189.6049543,47.78950563,54.40289179,67.12774228,individual
data/Wilshire Grand Center/16954.jpg,96.51936753,103.0954745,114.0956139,49.33920993,51.95159776,65.03820931,skyline
data/China Resources HQ - Shenzhen/698.jpg,138.0487829,133.4134149,136.7819042,73.52761339,67.24320909,66.81832308,individual
data/Wilshire Grand Center/14087.jpg,96.67882974,110.4791299,124.6936538,62.40710597,58.40831545,61.27331806,skyline
data/Wilshire Grand Center/11008.jpg,128.0489632,131.0194493,132.7664124,72.85998863,76.86605802,80.78581024,individual
data/Comcast Center - Philadelphia/4982.jpg,120.5831543,161.0918522,180.9112012,64.87027263,89.27589091,97.33617919,individual
data/Comcast Center - Philadelphia/4322.jpg,105.1889231,97.79733959,91.33044774,63.25862804,64.71561301,67.10967618,individual
data/Wilshire Grand Center/7339.jpg,109.8919132,109.156499,104.9349162,57.76252499,57.41917598,57.50022476,individual
data/Wilshire Grand Center/10190.jpg,84.389125,78.90615278,72.36318056,75.97710376,71.39274341,65.34127926,individual
data/Four Seasons Place - Kuala Lumpur/2265.jpg,110.0481297,110.1322331,110.8612079,74.7809893,77.04723453,80.57501438,individual
data/Salesforce Tower/9498.jpg,160.0897852,159.6181572,180.5042214,50.75470546,45.51140393,44.93127402,skyline
data/Wilshire Grand Center/13116.jpg,83.83902081,114.5150007,130.269454,73.00120409,60.64385284,78.0886169,skyline
data/Wilshire Grand Center/7590.jpg,103.5359627,102.0486453,93.68940267,55.88152499,53.99045275,49.98055167,individual
data/Salesforce Tower/329.jpg,115.4957692,133.9315242,165.0761823,60.4914732,67.76795563,83.85445016,individual
data/Wilshire Grand Center/16731.jpg,87.9639444,103.441788,120.0958575,66.2838648,69.88473183,77.90042851,individual
data/Wilshire Grand Center/13386.jpg,118.6453366,115.968789,111.9101117,74.3806378,73.48328963,74.88975176,individual
data/Comcast Center - Philadelphia/3046.jpg,129.3280819,130.3066075,108.0021992,59.02400642,52.44586686,40.80646322,skyline
data/Wilshire Grand Center/286.jpg,66.16814839,48.57258065,36.02422581,58.06137557,44.38426134,37.88814131,skyline
data/Four Seasons Place - Kuala Lumpur/166.jpg,66.84457786,60.6567247,73.06753723,41.23256446,34.96173495,45.89307188,skyline
data/Wilshire Grand Center/16009.jpg,110.5690115,114.1136636,124.7787449,45.49579964,46.27929273,53.55645786,individual
data/Wilshire Grand Center/13933.jpg,95.44347569,106.0922826,120.8607319,71.3422039,76.36287725,86.20068888,individual
data/Four Seasons Place - Kuala Lumpur/2993.jpg,66.84457786,60.6567247,73.06753723,41.23256446,34.96173495,45.89307188,skyline
data/Wilshire Grand Center/4901.jpg,115.1289938,109.2772438,114.9989,63.22663376,59.26375569,51.55353503,individual
data/Four Seasons Place - Kuala Lumpur/2400.jpg,127.5832709,125.4467282,118.6445851,80.28307656,78.34093571,81.97328178,individual
data/Wilshire Grand Center/7806.jpg,110.2932307,118.5998217,128.440506,48.88948386,44.09640648,44.30278847,individual
data/Comcast Center - Philadelphia/4152.jpg,125.9131365,124.753053,130.9411977,51.24577611,52.93539123,54.06847135,individual
data/Wilshire Grand Center/12321.jpg,110.7428894,113.6451162,108.8350868,67.18540888,64.23205275,64.07853258,individual
data/Wilshire Grand Center/15825.jpg,74.48149515,67.34480117,58.58981542,55.26703067,47.30273292,37.02423931,skyline
data/Wilshire Grand Center/12525.jpg,119.6409719,135.7067343,152.7692571,64.88376639,68.68947947,78.65679478,individual
data/Salesforce Tower/6173.jpg,102.5740224,118.3316538,137.3931976,62.64144813,70.91106086,84.88391748,individual
data/Wilshire Grand Center/14055.jpg,100.159816,103.7417701,110.4410604,72.13882451,76.04150659,84.46734342,individual
data/Comcast Center - Philadelphia/3053.jpg,114.8918389,138.7842466,161.6995444,48.308716,42.10659946,49.32354678,individual
data/Four Seasons Place - Kuala Lumpur/3235.jpg,100.4301453,78.69395752,58.25690765,67.23508498,52.40087962,36.1583444,skyline
data/Four Seasons Place - Kuala Lumpur/1670.jpg,66.84457786,60.6567247,73.06753723,41.23256446,34.96173495,45.89307188,skyline
data/Wilshire Grand Center/15840.jpg,55.14598227,55.14574789,55.14575755,50.08344778,50.08346568,50.08343839,skyline
data/Wilshire Grand Center/12957.jpg,105.3577939,117.0419873,133.4593053,76.33327804,81.46894399,89.67955796,individual
data/Four Seasons Place - Kuala Lumpur/3258.jpg,110.3377037,116.5088565,116.9336027,79.86729329,83.42894923,89.9179635,individual
data/Salesforce Tower/8991.jpg,129.6530415,132.1594032,132.5265228,52.84285415,52.81010542,61.71462427,skyline
data/Four Seasons Place - Kuala Lumpur/321.jpg,100.4301453,78.69395752,58.25690765,67.23508498,52.40087962,36.1583444,skyline
data/Salesforce Tower/6251.jpg,128.0888009,117.398863,110.2757176,56.45662605,55.82279749,57.46915718,individual
data/China Resources HQ - Shenzhen/159.jpg,147.6098611,155.4502878,164.3655956,58.17282937,53.94687338,54.37904783,skyline
data/Wilshire Grand Center/11912.jpg,107.5623515,114.7052886,117.7399185,56.17765986,56.97226441,59.44083734,individual
data/Salesforce Tower/8533.jpg,111.0933398,109.4083138,115.8774902,64.68501715,63.5895861,61.71882274,individual
data/Wilshire Grand Center/17100.jpg,73.1059844,91.52031485,107.1274484,62.83661302,66.3791176,82.12975238,skyline
data/Comcast Center - Philadelphia/3696.jpg,141.2682432,131.7992236,122.3387184,48.64375739,46.88551853,44.57453328,individual
data/Wilshire Grand Center/14912.jpg,103.7811076,141.9248896,177.1020222,37.73880503,42.79231842,56.82680196,individual
data/Wilshire Grand Center/10856.jpg,129.4871263,136.0080792,139.6777434,57.16366518,61.80813363,70.15351578,individual
data/Wilshire Grand Center/6708.jpg,117.5603956,112.4487079,105.1201007,55.32309335,50.78098725,52.04301059,individual
data/Wilshire Grand Center/9513.jpg,133.0879222,146.120425,152.1823194,38.09909751,36.53531458,38.89020887,individual
data/Salesforce Tower/5970.jpg,135.5662914,147.1714939,152.4339591,41.05786014,40.73770493,44.53575012,individual
data/Four Seasons Place - Kuala Lumpur/1706.jpg,111.3595761,109.2382036,110.4478461,74.19376024,68.5016891,66.81860282,skyline
data/Comcast Center - Philadelphia/4816.jpg,98.60966898,93.2301223,92.07162041,59.1516887,43.95068678,31.79016873,skyline
data/Wilshire Grand Center/2978.jpg,89.37901965,91.58711329,88.2385995,62.59410451,63.91591312,66.4339613,individual
data/Wilshire Grand Center/8460.jpg,123.1568208,116.4249125,121.4253625,62.8254277,59.83602914,52.40658018,individual
data/Wilshire Grand Center/8799.jpg,115.5569166,119.7518323,118.2853686,46.45321772,47.06133936,46.76872251,individual
data/Four Seasons Place - Kuala Lumpur/2046.jpg,66.84457786,60.6567247,73.06753723,41.23256446,34.96173495,45.89307188,skyline
data/Wilshire Grand Center/16874.jpg,145.6345215,160.3827264,177.505847,55.48221687,61.5295924,54.57694393,individual
data/Wilshire Grand Center/16681.jpg,50.42693733,43.37483197,34.28560863,48.3865078,44.17245288,35.41639333,individual
data/Wilshire Grand Center/12761.jpg,92.38857145,107.8281984,120.2493792,60.32557322,64.78776377,66.53901989,skyline
data/Wilshire Grand Center/8819.jpg,135.3708153,136.9203822,137.1014969,55.44435783,55.28994861,56.80603069,individual
data/Wilshire Grand Center/14905.jpg,74.8706936,62.29385905,82.59241557,56.0964217,48.57883654,51.97398318,skyline
data/Comcast Center - Philadelphia/2773.jpg,127.4407835,133.2783176,130.7561921,63.84716293,66.27162314,70.87434433,individual
data/Salesforce Tower/9699.jpg,88.13458247,75.22563101,69.06014552,54.43742916,49.41039468,45.78914935,individual
data/Wilshire Grand Center/13087.jpg,116.9158583,130.0485493,145.6656267,66.28255478,76.60596934,89.20331159,individual
data/Comcast Center - Philadelphia/5097.jpg,79.88797633,85.42090988,85.21784846,78.19540064,83.30078869,87.08202042,individual
data/Four Seasons Place - Kuala Lumpur/2389.jpg,100.4301453,78.69395752,58.25690765,67.23508498,52.40087962,36.1583444,skyline
data/Four Seasons Place - Kuala Lumpur/627.jpg,92.23772558,96.32492447,93.41119385,76.52460811,74.33265927,75.2649389,individual
data/Wilshire Grand Center/10501.jpg,125.4241045,124.3166351,123.2742835,66.47737014,64.22850499,63.72262574,individual
data/Wilshire Grand Center/5040.jpg,109.8425521,110.5559813,117.3365813,54.34434795,53.85600902,50.69192176,individual
data/Four Seasons Place - Kuala Lumpur/1366.jpg,127.5832709,125.4467282,118.6445851,80.28307656,78.34093571,81.97328178,individual
data/Wilshire Grand Center/14560.jpg,95.24765567,94.59924618,93.4685684,63.46109285,62.53713879,63.50318778,individual
data/Wilshire Grand Center/15667.jpg,116.5071234,118.4175674,114.4749274,76.05484448,71.35695949,66.44815612,skyline
data/Four Seasons Place - Kuala Lumpur/479.jpg,110.0481297,110.1322331,110.8612079,74.7809893,77.04723453,80.57501438,individual
data/Wilshire Grand Center/13554.jpg,85.8752303,93.9468202,106.1525404,41.1198732,46.91330556,55.39952223,individual
data/Wilshire Grand Center/15262.jpg,106.9018042,111.6937146,116.1140292,79.599763,79.75936849,79.34916764,individual
data/China Resources HQ - Shenzhen/613.jpg,137.4033181,147.8085212,157.3064748,70.38754952,65.55470049,61.75973056,individual
data/Comcast Center - Philadelphia/5337.jpg,115.4116923,119.7922844,125.1972769,75.00393361,79.75937054,86.74302452,individual
data/Wilshire Grand Center/288.jpg,74.84072842,54.13248842,35.80016842,51.03643084,43.59866242,39.55749095,individual
data/Four Seasons Place - Kuala Lumpur/3275.jpg,66.84457786,60.6567247,73.06753723,41.23256446,34.96173495,45.89307188,skyline
data/China Resources HQ - Shenzhen/492.jpg,146.4051474,158.5535044,164.0465681,49.08202096,43.66097738,60.83706438,skyline
data/Wilshire Grand Center/15195.jpg,125.5894913,135.2831808,145.0203942,69.00320808,69.38664023,77.26523551,skyline
data/Wilshire Grand Center/17213.jpg,113.1875966,126.4841881,138.6613528,60.25695057,66.28226474,74.61807484,skyline
data/Wilshire Grand Center/14630.jpg,88.20926462,127.3989966,162.6540781,61.99796152,55.35167444,67.04123308,individual
data/Wilshire Grand Center/12274.jpg,58.42622588,65.01090236,72.28470129,59.70313244,67.0631783,82.90749775,individual
data/Four Seasons Place - Kuala Lumpur/2943.jpg,128.4391556,129.2906151,125.0392253,70.229666,70.52907334,72.27521308,skyline
data/Wilshire Grand Center/10846.jpg,125.9333615,125.4427829,125.7467295,86.41116006,88.84656617,88.80879733,individual
data/Salesforce Tower/6013.jpg,107.541613,100.4485537,100.7795769,67.66857,71.14035507,71.8390466,individual
data/Wilshire Grand Center/10873.jpg,125.9333615,125.4427829,125.7467295,86.41116006,88.84656617,88.80879733,individual
data/Salesforce Tower/9500.jpg,114.5188155,139.337611,148.8445614,63.11027765,67.32802284,70.30507257,skyline
data/Wilshire Grand Center/4181.jpg,118.8159753,101.5976913,87.79177247,63.90780083,58.04328943,51.91606654,skyline
data/Four Seasons Place - Kuala Lumpur/2423.jpg,56.19099446,53.01060636,84.81436877,39.14013688,39.70759007,43.45397245,skyline
data/Wilshire Grand Center/13235.jpg,128.7666473,139.8383077,151.8394419,72.74463112,78.91791743,88.1304781,individual
data/Salesforce Tower/2377.jpg,137.0874774,99.8687973,71.31297811,62.14276953,63.22831481,53.60544357,individual
data/Four Seasons Place - Kuala Lumpur/1567.jpg,92.23772558,96.32492447,93.41119385,76.52460811,74.33265927,75.2649389,individual
data/Four Seasons Place - Kuala Lumpur/1095.jpg,123.8234774,143.4120789,130.2003021,59.15580771,60.03986618,60.83106653,skyline
data/Salesforce Tower/8338.jpg,108.9691715,104.7234125,101.9424829,66.38719685,64.79380856,59.73627509,individual
data/Wilshire Grand Center/4743.jpg,93.63793691,96.59632238,97.34400431,63.69804268,61.50150801,56.85983665,individual
data/Wilshire Grand Center/12356.jpg,125.6017441,127.572503,132.0034101,61.03793906,63.19569296,72.94012027,individual
data/China Resources HQ - Shenzhen/526.jpg,138.0487829,133.4134149,136.7819042,73.52761339,67.24320909,66.81832308,individual
data/Wilshire Grand Center/16761.jpg,110.6771595,109.7156105,100.8568605,72.01076468,70.52459865,73.36090926,individual
data/Wilshire Grand Center/15405.jpg,160.8317624,156.4832995,134.4756209,46.48975446,41.82912132,39.68335726,skyline
data/Wilshire Grand Center/6601.jpg,133.6933173,130.7747787,128.1667467,56.63972702,51.92372838,47.25486944,individual
data/Four Seasons Place - Kuala Lumpur/1048.jpg,111.3595761,109.2382036,110.4478461,74.19376024,68.5016891,66.81860282,skyline
data/Four Seasons Place - Kuala Lumpur/2646.jpg,111.3595761,109.2382036,110.4478461,74.19376024,68.5016891,66.81860282,skyline
data/Four Seasons Place - Kuala Lumpur/34.jpg,130.7049623,133.1437277,134.4606229,83.63985302,84.27512111,88.76215764,individual
data/Wilshire Grand Center/16749.jpg,89.70034937,124.0908883,165.044695,56.00088212,63.42685375,75.81765908,individual
data/Comcast Center - Philadelphia/5266.jpg,81.9294168,91.19316723,97.76654787,60.3943424,76.23054809,85.84906035,individual
data/Comcast Center - Philadelphia/5197.jpg,64.2185392,86.44167752,123.6445832,42.2607296,64.04900632,96.82875496,individual
data/Wilshire Grand Center/16571.jpg,151.6279721,167.0459993,176.4335262,54.01944494,43.44986338,42.54847546,skyline
data/Wilshire Grand Center/11184.jpg,79.26801369,92.77420562,107.318019,75.34611259,73.92984433,79.18128146,individual
data/Comcast Center - Philadelphia/4845.jpg,58.82315833,64.29297083,77.56615938,45.46573277,50.62281211,67.96743175,individual
data/Salesforce Tower/7552.jpg,123.9964495,119.4001855,118.380687,51.5903243,50.3488864,49.30421502,individual
data/Wilshire Grand Center/12358.jpg,115.5356481,119.2603132,118.1240435,61.68815002,65.6593821,73.37991775,individual
data/Wilshire Grand Center/7695.jpg,98.623792,97.84904,94.403056,71.41866616,68.85448982,64.51139363,individual
data/Four Seasons Place - Kuala Lumpur/62.jpg,110.3377037,116.5088565,116.9336027,79.86729329,83.42894923,89.9179635,individual
data/Salesforce Tower/5265.jpg,123.7071508,116.5357285,104.0209394,66.83412855,57.50109778,53.22665351,skyline
data/Wilshire Grand Center/14708.jpg,95.09539286,99.67213952,100.8662295,79.65254908,72.7525414,66.06357714,skyline
data/China Resources HQ - Shenzhen/406.jpg,146.4051474,158.5535044,164.0465681,49.08202096,43.66097738,60.83706438,skyline
data/Wilshire Grand Center/10967.jpg,153.4128151,158.369667,163.3338853,67.09740161,69.42895843,73.60670783,individual
data/Wilshire Grand Center/12958.jpg,106.7060253,117.7139187,132.6899901,71.83125214,75.6269105,83.30007986,individual
data/Wilshire Grand Center/13136.jpg,131.300109,152.009452,168.183032,48.66567753,52.18345899,55.17320742,skyline
data/China Resources HQ - Shenzhen/547.jpg,99.12577148,100.9694873,95.69653076,80.25718808,79.85323537,83.57245572,skyline
data/Wilshire Grand Center/16211.jpg,122.1205634,122.5945761,116.099131,63.59085931,64.14723995,70.30225318,skyline
data/Four Seasons Place - Kuala Lumpur/489.jpg,48.84061305,40.85254669,42.98875936,39.03476773,28.642686,30.12728689,skyline
data/Wilshire Grand Center/11339.jpg,123.9562531,127.6570367,129.1327379,75.87731865,84.3891834,88.9927894,individual
data/Salesforce Tower/4525.jpg,131.9346441,141.9562322,163.2938118,58.25848848,48.70103374,53.91181551,individual
data/Wilshire Grand Center/13948.jpg,73.13593926,72.77674132,94.55891006,26.45781269,24.98520436,29.47238045,skyline
data/Comcast Center - Philadelphia/4117.jpg,79.92808246,77.67852474,73.39811544,57.34552766,57.4442106,58.95438063,individual
data/Wilshire Grand Center/9646.jpg,140.5867468,126.6828245,104.3864228,41.32638372,44.03664423,46.02166425,skyline
data/Four Seasons Place - Kuala Lumpur/1810.jpg,102.4241104,97.53573533,90.37866885,58.78208114,53.91849569,51.55097495,individual
data/China Resources HQ - Shenzhen/24.jpg,147.6111071,145.701343,144.090163,80.3619779,82.29709241,83.9959001,individual
data/Wilshire Grand Center/11051.jpg,122.457606,124.7723762,127.5948842,78.90953292,80.82287465,83.89160562,individual
data/Wilshire Grand Center/10186.jpg,77.25876111,65.03871111,57.14698056,61.90317869,57.88499164,51.89725656,individual
data/Wilshire Grand Center/14508.jpg,101.9048675,112.3722247,126.2138642,59.83019838,64.51546532,75.922994,individual
data/Wilshire Grand Center/8535.jpg,102.9394086,114.9262657,136.5499306,66.91448704,58.91065934,60.88556236,individual
data/Salesforce Tower/9606.jpg,67.48759365,56.5115757,44.02253819,68.42400019,63.02522537,56.08421314,individual
data/Wilshire Grand Center/15785.jpg,43.98825516,33.19066487,25.91122303,53.1762422,40.73148827,31.69265644,skyline
data/Salesforce Tower/5822.jpg,70.40932846,76.8788592,82.19683202,66.02009269,70.21404314,75.64491172,individual
data/Wilshire Grand Center/4344.jpg,112.2487534,113.4722744,111.4844433,65.21770178,64.85915625,67.72068326,individual
data/Wilshire Grand Center/16724.jpg,113.8490237,117.6534578,116.5070436,68.18173691,65.80798155,71.22491817,skyline
data/Wilshire Grand Center/16656.jpg,98.76896526,96.04766101,96.36311519,71.81550092,66.71257229,70.1637185,skyline
data/Wilshire Grand Center/10131.jpg,128.1819272,121.6974243,113.9827367,70.10032464,70.54235678,74.9245568,skyline
data/Four Seasons Place - Kuala Lumpur/1001.jpg,123.8234774,143.4120789,130.2003021,59.15580771,60.03986618,60.83106653,skyline
data/Wilshire Grand Center/3087.jpg,110.7253514,107.8389928,100.7783767,62.02613218,62.35951157,62.66551106,individual
data/Wilshire Grand Center/12271.jpg,96.16625755,100.6837193,99.7886926,55.23780523,53.41570273,53.37237414,individual
data/Wilshire Grand Center/13919.jpg,98.32821158,122.2117351,142.5436723,54.6610148,58.43601412,70.77231936,individual
data/Wilshire Grand Center/7462.jpg,40.69533297,54.17746659,80.50184414,55.16436447,46.87715317,45.86194044,skyline
data/Wilshire Grand Center/10086.jpg,119.4193115,137.6838443,157.5496826,60.29455834,61.28516003,67.43889532,individual
data/Wilshire Grand Center/10679.jpg,104.2497593,104.802258,107.8974609,66.55737309,68.27145089,72.21838014,individual
data/Four Seasons Place - Kuala Lumpur/1622.jpg,102.4241104,97.53573533,90.37866885,58.78208114,53.91849569,51.55097495,skyline
data/Comcast Center - Philadelphia/5381.jpg,125.4172115,121.8735595,129.1538069,91.79353976,86.40147974,78.67823337,skyline
data/Wilshire Grand Center/11380.jpg,99.22041321,101.8406355,103.0553453,86.06625537,85.95305917,86.7197581,skyline
data/Comcast Center - Philadelphia/3600.jpg,74.86725871,73.10480372,66.17315801,69.28981347,66.99201729,68.13728673,individual
data/Four Seasons Place - Kuala Lumpur/1637.jpg,100.4301453,78.69395752,58.25690765,67.23508498,52.40087962,36.1583444,skyline
data/Four Seasons Place - Kuala Lumpur/2651.jpg,48.84061305,40.85254669,42.98875936,39.03476773,28.642686,30.12728689,skyline
data/Wilshire Grand Center/14843.jpg,116.4751714,129.8326785,139.8550275,63.97252502,60.63515936,63.67041602,individual
data/Four Seasons Place - Kuala Lumpur/3121.jpg,48.84061305,40.85254669,42.98875936,39.03476773,28.642686,30.12728689,skyline
data/Four Seasons Place - Kuala Lumpur/484.jpg,111.3595761,109.2382036,110.4478461,74.19376024,68.5016891,66.81860282,skyline
data/Wilshire Grand Center/11208.jpg,89.58346729,115.6711393,139.8451062,70.05091328,63.58084925,74.86906594,individual
data/Four Seasons Place - Kuala Lumpur/875.jpg,128.4391556,129.2906151,125.0392253,70.229666,70.52907334,72.27521308,skyline
data/Wilshire Grand Center/12601.jpg,120.805152,118.8482412,117.8317023,79.42158021,80.65806793,80.57209219,individual
data/Wilshire Grand Center/12414.jpg,98.37919221,93.79947726,89.21686694,66.24987524,67.00929163,66.52707139,individual
data/Comcast Center - Philadelphia/5258.jpg,139.8573654,140.7527013,140.4143874,60.11733386,57.73851938,53.33418575,skyline
data/Wilshire Grand Center/7697.jpg,123.456262,113.417745,89.19750468,70.8533834,61.52364985,52.77898502,individual
data/Wilshire Grand Center/13443.jpg,80.24712292,100.8459479,105.385975,58.4643161,73.53201374,78.73733125,individual
data/Comcast Center - Philadelphia/4965.jpg,64.96056507,75.99642323,93.33579,47.54104567,62.32906892,88.9688918,individual
data/China Resources HQ - Shenzhen/725.jpg,146.0373406,153.5048947,162.3475436,73.61746954,69.25577964,64.9781495,individual
data/Wilshire Grand Center/16221.jpg,116.689466,123.4707417,141.5920643,67.82366226,66.06076104,60.3607476,skyline
data/Four Seasons Place - Kuala Lumpur/3052.jpg,93.98660439,132.0592491,147.0551051,54.45492955,60.52774109,75.79805433,skyline
data/Wilshire Grand Center/13390.jpg,126.8831571,126.2089971,124.0833261,88.44934113,88.76015075,88.80950408,individual
data/Wilshire Grand Center/3689.jpg,76.02978647,73.05730469,63.17419256,63.85050536,63.48403786,66.9338161,individual
data/Wilshire Grand Center/17016.jpg,70.76707765,100.7043644,127.6728198,58.21391814,60.96578355,70.85023706,individual
data/Salesforce Tower/6837.jpg,96.59022708,98.48520208,111.0226146,44.9475608,53.25191164,61.40395053,individual
data/Four Seasons Place - Kuala Lumpur/1627.jpg,128.4391556,129.2906151,125.0392253,70.229666,70.52907334,72.27521308,skyline
data/Wilshire Grand Center/5728.jpg,111.5849458,106.3526896,103.9082833,49.73734153,45.5657096,41.24408261,individual
data/Wilshire Grand Center/281.jpg,139.8420479,149.7891377,147.2425449,40.61199386,43.0763499,47.78280268,skyline
data/Wilshire Grand Center/13317.jpg,108.1788667,110.7558903,112.7844743,65.11891476,65.87113719,67.78673463,individual
data/Wilshire Grand Center/14477.jpg,125.9989813,126.8917867,117.4152533,43.93616672,41.77728636,41.83933437,individual
data/Wilshire Grand Center/3686.jpg,168.1602633,184.4747415,185.5221982,66.37656602,54.59282916,48.68930467,individual
data/Wilshire Grand Center/15707.jpg,35.30563907,33.45604714,43.43922842,45.71549403,38.04467359,37.96122064,skyline
data/Wilshire Grand Center/13589.jpg,23.89495432,72.80151712,139.1409049,50.37851249,40.23636722,69.99482483,skyline
data/Four Seasons Place - Kuala Lumpur/3269.jpg,56.19099446,53.01060636,84.81436877,39.14013688,39.70759007,43.45397245,individual
data/Wilshire Grand Center/17015.jpg,86.0989489,125.8206361,163.3190886,72.36895269,68.56520796,75.60459364,individual
data/Four Seasons Place - Kuala Lumpur/39.jpg,100.4301453,78.69395752,58.25690765,67.23508498,52.40087962,36.1583444,skyline
data/Salesforce Tower/9051.jpg,102.9837074,99.60763168,95.83444087,77.15576236,80.23613998,81.09324125,individual
data/Wilshire Grand Center/4741.jpg,108.0209516,108.8877627,108.9126498,68.59758772,63.3498133,56.77726076,individual
data/Wilshire Grand Center/7604.jpg,102.6017086,98.15165251,86.76984375,68.91647329,59.80754309,49.17791776,individual
data/China Resources HQ - Shenzhen/63.jpg,113.2807002,134.8566007,154.19095,61.06153368,61.19415574,69.96591384,skyline
data/Wilshire Grand Center/11.jpg,121.9592726,81.92760067,58.90669141,94.44427543,69.16238297,59.01855485,skyline
data/Comcast Center - Philadelphia/4716.jpg,132.4971043,145.0747898,155.8858693,56.73300054,66.23915211,74.8272783,skyline
data/Wilshire Grand Center/6353.jpg,168.1602633,184.4747415,185.5221982,66.37656602,54.59282916,48.68930467,individual
data/Wilshire Grand Center/10341.jpg,165.1742042,163.777141,165.8879306,59.76856593,60.80356305,60.31963878,individual
data/Four Seasons Place - Kuala Lumpur/990.jpg,127.5832709,125.4467282,118.6445851,80.28307656,78.34093571,81.97328178,individual
data/Wilshire Grand Center/15994.jpg,38.00075625,32.01424931,29.54684931,50.13172622,41.59129774,36.9600937,skyline
data/Wilshire Grand Center/9347.jpg,75.69359558,65.95268562,62.77950079,58.12512137,50.12864268,48.39489384,individual
data/Wilshire Grand Center/5968.jpg,122.7418815,116.7793132,107.5127018,44.2198452,43.20902742,44.40683814,individual
data/Comcast Center - Philadelphia/4894.jpg,108.6033096,109.0793622,110.2645569,62.74399002,65.43306702,68.95717093,individual
data/Wilshire Grand Center/9724.jpg,124.0291837,127.3364712,135.1462851,60.54347085,56.70585433,55.24756797,individual
data/Wilshire Grand Center/14057.jpg,119.6710799,123.1269722,128.9241896,60.95546812,60.73837885,62.53411392,individual
data/Salesforce Tower/5378.jpg,120.8261542,114.84935,118.2248375,59.18071852,59.61023867,72.13279679,skyline
data/Wilshire Grand Center/11143.jpg,128.7339783,129.3459795,127.6526862,90.20245596,89.2254551,89.50125672,individual
data/Wilshire Grand Center/13325.jpg,68.01429085,79.71255172,97.26012294,64.64959983,72.36723363,79.32574222,individual
data/Four Seasons Place - Kuala Lumpur/3314.jpg,102.4241104,97.53573533,90.37866885,58.78208114,53.91849569,51.55097495,skyline
data/Wilshire Grand Center/10965.jpg,157.9033651,158.4023159,157.7537835,67.02391073,69.12806348,72.68241748,individual
data/Wilshire Grand Center/16638.jpg,113.7089794,124.2243896,141.7787623,71.40778791,63.03578734,64.00133733,skyline
data/Comcast Center - Philadelphia/2832.jpg,114.8918389,138.7842466,161.6995444,48.308716,42.10659946,49.32354678,individual
data/Salesforce Tower/7470.jpg,131.0587778,114.4469139,105.4461181,56.90293936,54.92522435,73.89484302,individual
data/Comcast Center - Philadelphia/5265.jpg,73.90866315,81.89009998,100.2048792,51.26313661,66.13329317,85.89026237,individual
data/Wilshire Grand Center/10189.jpg,70.65386944,58.12829167,53.75351944,52.45890611,50.86293733,48.12488546,skyline
data/Wilshire Grand Center/15198.jpg,96.57725491,98.70179029,91.87056245,71.00327328,70.29702157,78.00524299,individual
data/Wilshire Grand Center/11056.jpg,127.098838,125.7152744,125.2587602,73.13695131,73.92218006,74.43632949,individual
data/Wilshire Grand Center/14307.jpg,86.45265286,104.6678175,124.6120279,62.71905231,70.1168621,82.54972576,skyline
data/Wilshire Grand Center/8628.jpg,91.28159644,89.80168356,93.95093867,61.0003272,61.82320566,60.28879309,individual
data/Comcast Center - Philadelphia/5110.jpg,118.2931824,93.30114237,76.172209,68.23334622,70.47906246,57.35429477,skyline
data/Wilshire Grand Center/15256.jpg,54.56761437,85.29429193,114.2594578,67.84571548,49.25912736,59.07694788,individual
data/Wilshire Grand Center/14915.jpg,114.2325033,146.0416243,180.9729089,45.34291849,50.51768245,68.12618807,individual
data/Salesforce Tower/1434.jpg,82.35663333,115.0816083,140.74925,51.87260224,42.08627882,58.15935343,individual
data/Wilshire Grand Center/13039.jpg,101.1866523,102.9243418,107.9000922,71.7051136,69.93341759,66.76143866,individual
data/Four Seasons Place - Kuala Lumpur/791.jpg,100.4301453,78.69395752,58.25690765,67.23508498,52.40087962,36.1583444,skyline
data/Wilshire Grand Center/15021.jpg,84.80477474,124.4378574,151.9138585,79.64284271,59.5745913,65.39296116,individual
data/Comcast Center - Philadelphia/4754.jpg,131.1079559,100.451917,76.17279434,65.06891929,56.4687659,52.5550039,individual
data/Wilshire Grand Center/13604.jpg,100.5535715,109.648566,116.8774889,75.0729094,80.17685544,84.70001104,individual
data/Four Seasons Place - Kuala Lumpur/3210.jpg,111.3595761,109.2382036,110.4478461,74.19376024,68.5016891,66.81860282,skyline
data/Four Seasons Place - Kuala Lumpur/2024.jpg,127.5832709,125.4467282,118.6445851,80.28307656,78.34093571,81.97328178,individual
data/Wilshire Grand Center/9235.jpg,144.6331719,141.1928382,136.3325983,64.96654899,63.40037656,62.07931307,individual
data/Salesforce Tower/8307.jpg,113.1314596,110.8520012,109.2278035,54.38190515,55.09513007,55.14995216,individual
data/Wilshire Grand Center/13680.jpg,97.0842742,124.9672466,149.938231,65.89440989,55.79546494,66.20336749,skyline
data/Wilshire Grand Center/3731.jpg,108.9136902,101.9116338,105.0731434,63.4506347,60.105701,65.19645733,individual
data/Wilshire Grand Center/13140.jpg,118.5995161,117.6058146,117.4068519,74.19546323,74.69164676,74.50491315,individual
data/Four Seasons Place - Kuala Lumpur/1207.jpg,66.84457786,60.6567247,73.06753723,41.23256446,34.96173495,45.89307188,skyline
data/Comcast Center - Philadelphia/5257.jpg,135.8160417,149.5370768,168.9001027,60.88732323,60.76075583,60.83384907,individual
data/Four Seasons Place - Kuala Lumpur/2854.jpg,130.7049623,133.1437277,134.4606229,83.63985302,84.27512111,88.76215764,individual
data/Wilshire Grand Center/14677.jpg,46.01555758,45.8775598,47.53010084,28.59049825,27.01270513,25.29745027,skyline
data/Salesforce Tower/3914.jpg,111.2719193,116.5968666,130.1348445,48.2760359,52.45952997,68.62464457,individual
data/Wilshire Grand Center/14729.jpg,73.10195225,100.961676,128.7666245,41.3378425,52.87315745,70.20048859,skyline
data/Four Seasons Place - Kuala Lumpur/2131.jpg,92.23772558,96.32492447,93.41119385,76.52460811,74.33265927,75.2649389,individual
data/Four Seasons Place - Kuala Lumpur/2087.jpg,48.84061305,40.85254669,42.98875936,39.03476773,28.642686,30.12728689,individual
data/Wilshire Grand Center/16551.jpg,86.28635833,83.15262222,79.89625278,47.55691855,49.14360387,49.60824467,individual
data/Four Seasons Place - Kuala Lumpur/1914.jpg,130.7049623,133.1437277,134.4606229,83.63985302,84.27512111,88.76215764,individual
data/Four Seasons Place - Kuala Lumpur/1084.jpg,127.5832709,125.4467282,118.6445851,80.28307656,78.34093571,81.97328178,skyline
data/Wilshire Grand Center/14506.jpg,109.7257508,126.2628066,139.2688781,68.27012029,75.11202757,85.8703504,individual
data/Wilshire Grand Center/14412.jpg,81.86784601,74.94896082,60.39002349,60.63134795,56.40877617,53.11880807,skyline
data/Salesforce Tower/8343.jpg,121.3125928,114.4095993,106.5848656,72.46134637,73.71476889,73.67079352,skyline
data/Wilshire Grand Center/15987.jpg,138.6926759,135.2597999,130.2015665,74.1411918,62.84604479,69.07288708,skyline
data/Four Seasons Place - Kuala Lumpur/3047.jpg,100.4301453,78.69395752,58.25690765,67.23508498,52.40087962,36.1583444,skyline
data/Four Seasons Place - Kuala Lumpur/969.jpg,128.4391556,129.2906151,125.0392253,70.229666,70.52907334,72.27521308,skyline
data/Wilshire Grand Center/3369.jpg,130.5419583,133.3899938,139.6681625,75.06050749,75.37507489,75.89537585,individual
data/Comcast Center - Philadelphia/3054.jpg,113.1026248,135.8279835,155.6714921,48.17862896,42.69418969,49.59448685,individual
data/Wilshire Grand Center/8527.jpg,95.09741974,105.3902334,119.2656949,82.40135115,77.85965839,80.00440808,individual
data/Salesforce Tower/8446.jpg,67.9015093,61.49194426,62.26581365,45.06344854,41.34125766,38.25177283,individual
data/Salesforce Tower/8146.jpg,105.5261024,125.2112008,135.0659346,63.32277065,50.35010216,48.30418561,skyline
data/Salesforce Tower/4432.jpg,68.0908103,59.47651389,82.54356069,65.15718238,61.22292213,47.11150401,skyline
data/Wilshire Grand Center/14713.jpg,95.11952082,108.030894,115.8875656,52.14321755,56.4305295,68.96307233,skyline
data/Wilshire Grand Center/6423.jpg,126.8637103,125.40662,120.3704222,63.04803069,61.33351787,59.57886449,individual
data/Four Seasons Place - Kuala Lumpur/1924.jpg,93.98660439,132.0592491,147.0551051,54.45492955,60.52774109,75.79805433,individual
data/China Resources HQ - Shenzhen/612.jpg,138.0487829,133.4134149,136.7819042,73.52761339,67.24320909,66.81832308,individual
data/China Resources HQ - Shenzhen/231.jpg,147.4950065,165.6199775,177.3185125,48.92945757,46.12384838,61.12321209,skyline
data/Four Seasons Place - Kuala Lumpur/2977.jpg,92.23772558,96.32492447,93.41119385,76.52460811,74.33265927,75.2649389,individual
data/Wilshire Grand Center/13392.jpg,119.5695034,119.2720477,114.5186941,93.62711662,93.57527332,95.48882346,individual
data/Four Seasons Place - Kuala Lumpur/708.jpg,127.5832709,125.4467282,118.6445851,80.28307656,78.34093571,81.97328178,individual
data/Wilshire Grand Center/14994.jpg,154.7636264,135.61238,109.1068796,85.78293439,80.96832292,64.78626896,individual
data/Comcast Center - Philadelphia/4009.jpg,130.8059018,125.0415926,112.749011,58.00955216,58.4693519,58.16597375,individual
data/Wilshire Grand Center/13388.jpg,111.0478372,110.3737501,108.7906541,87.84765233,88.54240156,88.98427442,individual
data/Comcast Center - Philadelphia/5098.jpg,92.72186788,94.5604159,97.03610865,74.96974913,79.16245521,78.20806705,individual
data/Salesforce Tower/9799.jpg,62.09843674,69.80026474,79.07774048,51.70661218,55.1840227,56.71560875,individual
data/Wilshire Grand Center/16546.jpg,164.5704841,158.1905355,156.1152687,37.22618977,32.33015421,26.87710097,skyline
data/Wilshire Grand Center/12756.jpg,126.322356,111.9548002,109.6778221,50.52820466,54.36459802,64.69461206,skyline
data/Wilshire Grand Center/16260.jpg,92.30339929,85.53401417,79.30575366,66.38128258,67.08339155,65.22670775,skyline
data/Wilshire Grand Center/12270.jpg,64.84219275,69.78024654,81.66680313,60.57060781,67.6874291,82.34524404,individual
data/Four Seasons Place - Kuala Lumpur/3540.jpg,110.3377037,116.5088565,116.9336027,79.86729329,83.42894923,89.9179635,individual
data/Four Seasons Place - Kuala Lumpur/1607.jpg,110.0481297,110.1322331,110.8612079,74.7809893,77.04723453,80.57501438,individual
data/Wilshire Grand Center/12649.jpg,90.61167292,94.02239583,94.07823542,89.393986,88.76675193,90.47894125,individual
data/Wilshire Grand Center/10352.jpg,124.5515556,123.3033278,122.456875,83.88204286,83.9239063,83.72257572,individual
data/Comcast Center - Philadelphia/13.jpg,129.3280819,130.3066075,108.0021992,59.02400642,52.44586686,40.80646322,skyline
data/Wilshire Grand Center/12341.jpg,83.07421304,94.87219167,88.44666455,69.56941151,65.84028614,56.27186661,individual
data/Wilshire Grand Center/13420.jpg,68.30088125,81.73646667,100.0394021,51.40788965,62.84240845,77.3459596,individual
data/Wilshire Grand Center/10158.jpg,130.1847548,139.7785991,139.1574954,76.95104775,72.61970605,70.17633528,individual
data/Salesforce Tower/9566.jpg,112.3785521,108.9333154,123.5706316,70.38244047,80.75258693,78.82760203,individual
data/Salesforce Tower/6144.jpg,108.1277387,106.2374613,107.42176,65.71526124,65.12055754,66.03479783,skyline
data/Four Seasons Place - Kuala Lumpur/3136.jpg,130.7049623,133.1437277,134.4606229,83.63985302,84.27512111,88.76215764,individual
data/Wilshire Grand Center/12955.jpg,114.2370388,123.9122692,139.6132908,65.23273649,61.42257266,71.49813659,skyline
data/Wilshire Grand Center/8449.jpg,130.5309677,129.896155,128.072361,88.28259246,87.21541335,86.83672441,individual
data/Wilshire Grand Center/16212.jpg,138.803288,145.2033993,153.1152976,49.529177,53.58701554,64.08054955,skyline
data/Wilshire Grand Center/11627.jpg,118.9305347,121.476377,129.6437598,78.85347763,82.46946581,84.56477314,skyline
data/Wilshire Grand Center/15903.jpg,148.3836638,148.6399296,144.4340566,73.24213667,70.06094866,78.90354579,individual
data/Four Seasons Place - Kuala Lumpur/737.jpg,66.84457786,60.6567247,73.06753723,41.23256446,34.96173495,45.89307188,skyline
data/Four Seasons Place - Kuala Lumpur/2798.jpg,66.84457786,60.6567247,73.06753723,41.23256446,34.96173495,45.89307188,skyline
data/Four Seasons Place - Kuala Lumpur/2577.jpg,100.4301453,78.69395752,58.25690765,67.23508498,52.40087962,36.1583444,skyline
data/Four Seasons Place - Kuala Lumpur/3428.jpg,93.98660439,132.0592491,147.0551051,54.45492955,60.52774109,75.79805433,skyline
data/Wilshire Grand Center/10470.jpg,139.2284173,135.5136651,132.2036048,69.83879397,69.59413411,69.54585179,individual
data/Comcast Center - Philadelphia/4132.jpg,103.4506878,103.4506878,103.4506878,63.4276867,63.4276867,63.4276867,individual
data/Salesforce Tower/9125.jpg,113.4818357,92.61001333,84.02276611,55.06691168,55.01905416,52.93217827,individual
data/China Resources HQ - Shenzhen/320.jpg,146.4051474,158.5535044,164.0465681,49.08202096,43.66097738,60.83706438,skyline
data/Four Seasons Place - Kuala Lumpur/1439.jpg,128.4391556,129.2906151,125.0392253,70.229666,70.52907334,72.27521308,skyline
data/Wilshire Grand Center/13629.jpg,50.87866372,55.27606017,68.08746924,53.73618477,43.55620952,46.60519832,skyline
data/Four Seasons Place - Kuala Lumpur/1167.jpg,100.4301453,78.69395752,58.25690765,67.23508498,52.40087962,36.1583444,skyline
data/Four Seasons Place - Kuala Lumpur/3446.jpg,110.3377037,116.5088565,116.9336027,79.86729329,83.42894923,89.9179635,individual
data/Wilshire Grand Center/16265.jpg,104.8271228,136.305751,130.9928695,92.60810582,99.51065723,97.2609578,skyline
data/Wilshire Grand Center/14995.jpg,107.8759854,95.04255736,79.60782339,103.4875525,90.6008646,74.38729155,individual
data/Four Seasons Place - Kuala Lumpur/217.jpg,128.4391556,129.2906151,125.0392253,70.229666,70.52907334,72.27521308,skyline
data/Comcast Center - Philadelphia/4783.jpg,115.931888,110.999874,100.3197375,67.84085831,65.04686778,61.24213752,individual
data/Wilshire Grand Center/17130.jpg,108.3605273,123.3208402,163.171677,67.6396392,56.83655317,56.64875376,individual
data/Wilshire Grand Center/12956.jpg,133.9442451,157.7865124,181.3102081,77.20642174,62.2975031,61.99965625,individual
data/Salesforce Tower/7706.jpg,95.77659668,91.28483643,82.21553467,74.90848944,70.82649915,67.91861925,skyline
data/China Resources HQ - Shenzhen/455.jpg,163.9440223,163.4615987,157.9762946,79.74129502,80.54657472,81.18309197,individual
data/Four Seasons Place - Kuala Lumpur/3492.jpg,111.3595761,109.2382036,110.4478461,74.19376024,68.5016891,66.81860282,skyline
data/Wilshire Grand Center/14407.jpg,100.1972656,112.7777049,133.5023075,57.37827252,61.65550784,73.15562015,individual
data/Wilshire Grand Center/10966.jpg,146.9485984,148.8599933,145.5505684,73.96573873,75.20616141,82.601567,skyline
data/Four Seasons Place - Kuala Lumpur/103.jpg,110.0481297,110.1322331,110.8612079,74.7809893,77.04723453,80.57501438,individual
data/Wilshire Grand Center/11399.jpg,69.13434955,63.82168369,73.23032577,32.81310602,28.96855409,33.64971725,skyline
data/Wilshire Grand Center/14406.jpg,96.41259596,101.9561734,112.9579841,64.87846615,63.97285271,67.43522824,individual
data/Salesforce Tower/8119.jpg,112.094808,111.552054,103.836512,86.74853849,82.83114212,80.83285787,individual